{"pearson_r": 0.3058384456738787, "spearman_r": 0.293295111902891, "kendall_tau": 0.2020319503257049}