{"pearson_r": 0.32777716291493464, "spearman_r": 0.33762369049032487, "kendall_tau": 0.2329310943060951}