{"pearson_r": 0.48255769736141746, "spearman_r": 0.49536515187661884, "kendall_tau": 0.3488425905228322}