{"pearson_r": 0.300438467503365, "spearman_r": 0.30473013141212574, "kendall_tau": 0.21084526862572545}