{"pearson_r": 0.27816233503354876, "spearman_r": 0.2857916252761557, "kendall_tau": 0.19632324428974593}