{"pearson_r": 0.3991359669246869, "spearman_r": 0.4045136234722195, "kendall_tau": 0.28231413758329765}