{"pearson_r": 0.40125604057117414, "spearman_r": 0.40456936211615674, "kendall_tau": 0.28183462877467236}