{"pearson_r": 0.4262636410284743, "spearman_r": 0.43705612732983923, "kendall_tau": 0.3063952801551032}