{"pearson_r": 0.3330582743775857, "spearman_r": 0.36671168691528067, "kendall_tau": 0.25448123731988553}