{"pearson_r": 0.3064202484611569, "spearman_r": 0.3070575297069144, "kendall_tau": 0.21127241954146966}