{"pearson_r": 0.3132318837383453, "spearman_r": 0.32787887203310023, "kendall_tau": 0.2248094096927085}