{"pearson_r": 0.39650534078326205, "spearman_r": 0.41669127416863566, "kendall_tau": 0.2921326658365614}