{"pearson_r": 0.25750050808447994, "spearman_r": 0.26917723176068853, "kendall_tau": 0.1852831706566174}