{"pearson_r": 0.7614254221590604, "spearman_r": 0.751453836220311, "kendall_tau": 0.5704549855333012}