{"pearson_r": 0.4246355740314307, "spearman_r": 0.43810819638442955, "kendall_tau": 0.30524973094552976}